"","iiss_platform_abbrev","iiss_platform_name","original"
"1","AA","anti-aircraft",1
"2","AA GUNS",NA,NA
"3","AA/GUNS",NA,NA
"4","AAM","air-to-air missile",1
"5","AAR","air-to-air refuelling or search-and-rescue vessel",1
"6","AAV","amphibious armoured or assault vehicle",1
"7","AB","airborne",1
"8","ABM","anti-ballistic-missile(s)",1
"9","ABU","sea-going buoy tender",1
"10","ABUH","sea-going buoy tender with hangar",1
"11","ACS","crane ship",1
"12","ACV","air cushion vehicle or air cushion vessel or armoured combat vehicle",1
"13","ACV/VCAC",NA,NA
"14","AD","air defence",1
"15","AD arty",NA,NA
"16","ADG",NA,NA
"17","AE","auxiliary, ammunition carrier",1
"18","AE/AMMO",NA,NA
"19","AEF","auxiliary, explosives and stores",1
"20","aegis cruisers and destroyers",NA,NA
"21","AEH",NA,NA
"22","AEM","missile support ship",1
"23","AET",NA,NA
"24","AETL",NA,NA
"25","AEV","armoured engineer vehicle",1
"26","AEW/AWACS",NA,NA
"27","AEWandC",NA,NA
"28","AF","stores ship with RAS capability",1
"29","AFD","auxiliary floating dry dock",1
"30","AFDL","auxiliary floating dry dock small",1
"31","AFH",NA,NA
"32","AFS","logistics ship",1
"33","AFSB","afloat forward staging base",1
"34","AFSH","logistics ship with hangar",1
"35","AFV","armoured fighting vehicle",1
"36","AG","misc auxiliary",1
"37","AGB","icebreaker",1
"38","AGDS",NA,NA
"39","AGE","experimental auxiliary ship",1
"40","AGF","cargo ship",1
"41","AGFH","command ship with hangar",1
"42","AGhs",NA,NA
"43","AGHS","hydrographic survey vessel",1
"44","AGHS (svy)",NA,NA
"45","AGHS/AGOS",NA,NA
"46","AGHS/SVY",NA,NA
"47","AGI","intelligence collection vessel",1
"48","AGI/INT",NA,NA
"49","AGM","air-to-ground missile or missile range instrumentation ship or space tracking vessel",1
"50","AGMS",NA,NA
"51","AGOB",NA,NA
"52","AGOBH",NA,NA
"53","AGOR","oceanographic research vessel",1
"54","AGOR/AGOS",NA,NA
"55","AGOS","ocean surveillance vessel",1
"56","AGP",NA,NA
"57","AGS","survey ship",1
"58","AGSC",NA,NA
"59","AGSH","survey ship with hangar",1
"60","AGSI",NA,NA
"61","AH","hospital ship or attack helicopter",1
"62","AH/MED",NA,NA
"63","AIFV","armoured infantry fighting vehicle",1
"64","AIFV/APC",NA,NA
"65","air defence",NA,NA
"66","AIRBORNE",NA,NA
"67","AIRBORNE RELAY",NA,NA
"68","AK","cargo ship",1
"69","AK/AGF",NA,NA
"70","AKEH","dry cargo and ammunition ship",1
"71","AKL","cargo ship (light)",1
"72","AKR","fast sealift and cargo ship or roll-in roll-off cargo ship",1
"73","AKRH","roll-on roll-off cargo ship with hangar",1
"74","AKSH",NA,NA
"75","AKSL","stores ship (light)",1
"76","ALCM","air-launched cruise missile",1
"77","AMPH",NA,NA
"78","anti-ICBM",NA,NA
"79","ANTI-NARC SPRAYING",NA,NA
"80","anti-SLBM",NA,NA
"81","anti-tank",NA,NA
"82","AO","oiler tanker with RAS capability",1
"83","AOE","auxiliary, fuel and ammunition, RAS capability or fast combat support ship",1
"84","AOL",NA,NA
"85","AOLH",NA,NA
"86","AOR","fleet replenishment oiler with RAS capability",1
"87","AORH","fleet replenishment oiler tanker with RAS capability with hangar",1
"88","AORL","fleet replenishment oiler with RAS capability light",1
"89","AORLH","oiler light with hel deck",1
"90","AOS","oiler small",1
"91","AOT","oiler tanker transport without RAS capability",1
"92","AOTL","oiler transport light",1
"93","AP","armour-piercing or anti-personnel or passenger transport ship",1
"94","APB","barracks ship",1
"95","APC","armoured personnel carrier",1
"96","APC(T)",NA,NA
"97","APC(T)/(W)",NA,NA
"98","APC/RECCE",NA,NA
"99","APT",NA,NA
"100","AR","repair ship",1
"101","AR/C",NA,NA
"102","AR/S",NA,NA
"103","ARC","cable repair ship",1
"104","ARD","repair ship dry dock",1
"105","ARL","airborne reconnaissance, low or repair ship, light",1
"106","ARM","anti-radiation (anti-radar) missile",1
"107","ARMD",NA,NA
"108","armd cars",NA,NA
"109","ARS","rescue and salvage ship",1
"110","ARS/AT",NA,NA
"111","ARSH","rescue and salvage ship with hangar",1
"112","ARV","armoured recovery vehicle",1
"113","AS","anti-submarine or submarine tender depot ship",1
"114","AS/AR",NA,NA
"115","AS/ASR",NA,NA
"116","ASCM","anti-ship cruise missile",1
"117","ASDC",NA,NA
"118","AShM","anti-ship missile",1
"119","ASL",NA,NA
"120","ASLT",NA,NA
"121","ASM","air-to-surface missile(s)",1
"122","ASM/ALCM",NA,NA
"123","ASMP",NA,NA
"124","ASR","submarine depot ship",1
"125","ASUW","anti-surface ship warfare",1
"126","ASW","anti-submarine warfare",1
"127","ASW/AA",NA,NA
"128","ASW/ASUW",NA,NA
"129","ASW/MP",NA,NA
"130","ASW/MR",NA,NA
"131","ASW/OCU",NA,NA
"132","ASW/SAR",NA,NA
"133","ASW/TPT",NA,NA
"134","ASW/TPT/SAR",NA,NA
"135","AT","tug or anti-tank",1
"136","AT/F",NA,NA
"137","ATA",NA,NA
"138","ATF","tug, ocean going",1
"139","ATGW","anti-tank guided weapon",1
"140","ATK","attack or anti-tank",1
"141","ATK/FGA",NA,NA
"142","ATK/RECCE",NA,NA
"143","ATK/TPT",NA,NA
"144","ATK/TRG",NA,NA
"145","ATK/UTL",NA,NA
"146","ATR",NA,NA
"147","ATS","tug, salvage and rescue ship",1
"148","ATTC","all terrain tracked carrier",1
"149","AVB","aviation logistic ship",1
"150","AVN",NA,NA
"151","AVT","aviation training ship",1
"152","AW",NA,NA
"153","AWACS","airborne naming and control system",1
"154","AWT","water tanker",1
"155","AWX","all-weather fighter",1
"156","AX","training craft",1
"157","AX/TRG",NA,NA
"158","AXL","training craft (light)",1
"159","AXS","training craft (sail)",1
"160","AXS/TRG",NA,NA
"161","BASIC",NA,NA
"162","BB","battleship",1
"163","BBG",NA,NA
"164","BBR",NA,NA
"165","BBR/FGA",NA,NA
"166","BBR/FTR",NA,NA
"167","BBR/MR/ECM",NA,NA
"168","BBR/RECCE",NA,NA
"169","BUIC",NA,NA
"170","C2","command and control",1
"171","C3",NA,NA
"172","CAL",NA,NA
"173","CALIBRATION",NA,NA
"174","CBT",NA,NA
"175","CBT/SPT",NA,NA
"176","CBT/TRG",NA,NA
"177","CC",NA,NA
"178","CG","cruiser with AShM, guided missile, or SAM",1
"179","CGH","CG with helicopters",1
"180","CGHM",NA,NA
"181","CGHMN",NA,NA
"182","CGN","guided missile cruiser, nuclear powered",1
"183","CISR","combat ISR",1
"184","civil",NA,NA
"185","civilian air control equipment",NA,NA
"186","CL","cruiser, light",1
"187","CLOSE SPT",NA,NA
"188","CM","cruiser with SAM",1
"189","CMD",NA,NA
"190","CMD/SPT",NA,NA
"191","Coastal Escort",NA,NA
"192","COIN","counter insurgency",1
"193","COIN/RECCE",NA,NA
"194","COIN/TRG",NA,NA
"195","COMD",NA,NA
"196","COMD/AEW",NA,NA
"197","COMMAND",NA,NA
"198","COMMS",NA,NA
"199","COMMS/ASW",NA,NA
"200","COMMS/LIAISON",NA,NA
"201","COMMS/SAR",NA,NA
"202","COMMS/SAR/TRG",NA,NA
"203","COMMS/TRG",NA,NA
"204","CONTROL",NA,NA
"205","conventional",NA,NA
"206","corvette",NA,NA
"207","corvettes",NA,NA
"208","CPV","crew protected vehicle",1
"209","CRAFT",NA,NA
"210","CS","combat support",1
"211","CSAR","combat search and rescue",1
"212","CV","aircraft carrier",1
"213","CVH","aircraft carrier helicopter",1
"214","CVN","aircraft carrier nuclear powered",1
"215","CVS","aircraft carrier with VSTOL or small aircraft carrier",1
"216","CVV","V/STOL and hel CV",1
"217","DD","destroyer",1
"218","DDG","destroyer with area SAM, guided missile",1
"219","DDGH","guided missile destroyer with helicopter",1
"220","DDGHM",NA,NA
"221","DDGM",NA,NA
"222","DDH","destroyer with hangar",1
"223","DDHM",NA,NA
"224","DDM","destroyer with SAM",1
"225","DE",NA,NA
"226","DEG","Destroyer, escort, guided missile",1
"227","DES",NA,NA
"228","destroyer escorts",NA,NA
"229","destroyers",NA,NA
"230","Destroyers",NA,NA
"231","detection and tracking radars",NA,NA
"232","Dew line",NA,NA
"233","Dew Line",NA,NA
"234","DHOW",NA,NA
"235","dinghies",NA,NA
"236","DMS",NA,NA
"237","dual-role",NA,NA
"238","early warning",NA,NA
"239","ECM","electronic counter measures",1
"240","ECM/RECCE",NA,NA
"241","ECM/TRG",NA,NA
"242","ECR","electronic combat and reconnaissance",1
"243","electro-optical guided",NA,NA
"244","ELINT","electronic intelligence",1
"245","ELINT/ECM",NA,NA
"246","ELINT/ESM",NA,NA
"247","ELINT/SIGINT",NA,NA
"248","ELINT/TPT",NA,NA
"249","environmental monitoring",NA,NA
"250","EORSAT",NA,NA
"251","EW","early warning or electronic warfare",1
"252","EW/ECM",NA,NA
"253","EW/FGA",NA,NA
"254","EW/TPT",NA,NA
"255","ex-GDR depot ship",NA,NA
"256","ex-SSBN",NA,NA
"257","FAA",NA,NA
"258","FAC","fast attack craft or forward air control",1
"259","FAC(G)","fast attack craft (gun)",1
"260","FAC(G)/FAC(T)/FAC(ASW)",NA,NA
"261","FAC(M)","fast attack craft (missile)",1
"262","FAC(P)","fast attack craft (patrol)",1
"263","FAC(T)","fast attack craft (torpedo)",1
"264","fast",NA,NA
"265","fast personnel carrier",NA,NA
"266","FB","fighter-bomber",1
"267","FF","frigate or fire-fighting",1
"268","FF/TRG",NA,NA
"269","FFG","frigate with area SAM, guided missile",1
"270","FFGH",NA,NA
"271","FFGHM",NA,NA
"272","FFGM",NA,NA
"273","FFH","frigate with helicopter",1
"274","FFHM",NA,NA
"275","FFL","light frigate",1
"276","FFM","fire-fighting or frigate with SAM",1
"277","FGA/COIN",NA,NA
"278","FGA/FTR",NA,NA
"279","FGA/FTR/RECCE",NA,NA
"280","FGA/ISR",NA,NA
"281","FGA/OCU",NA,NA
"282","FGA/RECCE",NA,NA
"283","FGR",NA,NA
"284","fire control",NA,NA
"285","flagship",NA,NA
"286","fleet",NA,NA
"287","fleet replenishing ships",NA,NA
"288","FLG",NA,NA
"289","FPB","Fast patrol boat(s)",1
"290","FPBG","Fast patrol boat(s), guided-missile",1
"291","FS","corvette",1
"292","FSG","corvette guided missile",1
"293","FSGH",NA,NA
"294","FSGHM",NA,NA
"295","FSGM",NA,NA
"296","FSH","corvette with hangar",1
"297","FSM","corvette with SAM",1
"298","FSP",NA,NA
"299","FTR",NA,NA
"300","FTR/BBR",NA,NA
"301","FTR/FGA",NA,NA
"302","FTR/FGA/RECCE",NA,NA
"303","FTR/ISR",NA,NA
"304","FTR/OCU",NA,NA
"305","FTR/RECCE",NA,NA
"306","FTR/TRG",NA,NA
"307","GLCM","ground-launched cruise missile",1
"308","GM","Guided missile",1
"309","GP","general purpose",1
"310","ground",NA,NA
"311","ground based electro optical deep space surveillance system (GEODSS)",NA,NA
"312","ground-based interceptors",NA,NA
"313","Gunboat",NA,NA
"314","GUNSHIP",NA,NA
"315","harbour patrol",NA,NA
"316","heavy",NA,NA
"317","height finder",NA,NA
"318","hovercraft",NA,NA
"319","how","howitzer",1
"320","HSV","high speed vessel",1
"321","HY TK",NA,NA
"322","ICBM","inter-continental ballistic-missile",1
"323","ICE PATROL",NA,NA
"324","imagery",NA,NA
"325","infrared/TV",NA,NA
"326","INS/GPS guided",NA,NA
"327","INS/GPS/GLONASS-guided",NA,NA
"328","INTERCEPTOR",NA,NA
"329","IRBM","intermediate-range ballistic-missile",1
"330","IRBM/MRBM",NA,NA
"331","ISR","intelligence, surveillance and reconnaissance",1
"332","ISR/TKR",NA,NA
"333","ISTAR","intelligence, surveillance, target acquisition and reconnaissance",1
"334","LACM","land-attack cruise missile",1
"335","LACV","light armored combat vehicle",1
"336","LAK",NA,NA
"337","Landing craft",NA,NA
"338","large",NA,NA
"339","laser-guided",NA,NA
"340","laser-guided/GPS",NA,NA
"341","LASH","cargo ship barge",1
"342","LAV","light armoured vehicle",1
"343","LC","landing craft",1
"344","LCA","landing craft assault or light combat aircraft",1
"345","LCA/LCVP",NA,NA
"346","LCAC","landing craft, air cushion",1
"347","LCC","amphibious command ship",1
"348","LCG","landing craft, gun",1
"349","LCH","landing craft, heavy",1
"350","LCL","landing craft large",1
"351","LCM","landing craft medium or mechanised",1
"352","LCM/LCU",NA,NA
"353","LCM/LCU/LCP",NA,NA
"354","LCM/LCVP",NA,NA
"355","LCP","landing craft personnel",1
"356","LCPL","landing craft personnel small",1
"357","LCS","littoral combat ship",1
"358","LCT","landing craft tank",1
"359","LCT/ML",NA,NA
"360","LCU","landing craft, utility",1
"361","LCU/LCVP",NA,NA
"362","LCUVP",NA,NA
"363","LCVP","landing craft, vehicles and personnel",1
"364","LFAV","light forces armoured vehicles",1
"365","LFV","light forces vehicles",1
"366","LGB","laser-guided bomb",1
"367","LGB/INS/GPS-guided",NA,NA
"368","LHA","landing ship, assault",1
"369","LHD","amphibious assault ship",1
"370","LIAISON/COMMS",NA,NA
"371","LIAISON/FAC",NA,NA
"372","LIAISON/OBSERVATION",NA,NA
"373","LIAISON/OCU",NA,NA
"374","LIAISON/RECCE",NA,NA
"375","LIAISON/SAR",NA,NA
"376","LIAISON/TPT",NA,NA
"377","LIAISON/VIP",NA,NA
"378","LKA","amphibious assault cargo ship",1
"379","LMSR T-AKR",NA,NA
"380","LOG",NA,NA
"381","log/fuel SPT",NA,NA
"382","LPA",NA,NA
"383","LPD","landing pIatform(s), dock",1
"384","LPH","landing platform, helicopter",1
"385","LPV","lifespan patrol vessel",1
"386","LRSA","long-range strike and attack",1
"387","LS","landing ship",1
"388","LSD","landing ship, dock",1
"389","LSH",NA,NA
"390","LSI",NA,NA
"391","LSIL",NA,NA
"392","LSL","landing ship logistic",1
"393","LSLH","landing ship logistic helicopter",1
"394","LSM","landing ship, medium",1
"395","LST","landing ship, tank",1
"396","LSTH",NA,NA
"397","LSU",NA,NA
"398","LT TK",NA,NA
"399","LT VEH",NA,NA
"400","Maintainance",NA,NA
"401","MAR/SPT",NA,NA
"402","MBRL",NA,NA
"403","MBT","main battle tank",1
"404","MBT/LT TK",NA,NA
"405","MCC","mine countermeasure coastal",1
"406","MCCS","mine countermeasure command and support",1
"407","MCD","mine countermeasure diving support",1
"408","MCDV","maritime coastal defence vessel",1
"409","MCI","mine countermeasure inshore",1
"410","MCM","mine counter-measures",1
"411","MCM/PF",NA,NA
"412","MCM/SPT",NA,NA
"413","MCMV","mine counter-measure vessel(s)",1
"414","MCO","mine countermeasure ocean",1
"415","MCS",NA,NA
"416","MED",NA,NA
"417","MED TK",NA,NA
"418","medium",NA,NA
"419","meteorology/oceanography",NA,NA
"420","MGB","Motor gunboat",1
"421","MGC",NA,NA
"422","MGM",NA,NA
"423","MHC","mine hunter coastal",1
"424","MHD","mine hunter drone",1
"425","MHI","mine hunter inshore",1
"426","MHO","mine hunter ocean",1
"427","MHSO",NA,NA
"428","MICA",NA,NA
"429","MICV","mechanised infantry combat vehicle",1
"430","minehunters",NA,NA
"431","misc","miscellaneous",1
"432","MISC",NA,NA
"433","MISC BOATS/CRAFT",NA,NA
"434","missile control",NA,NA
"435","MIUW","mobile inshore undersea warfare",1
"436","ML","minelayer",1
"437","ML/TRG",NA,NA
"438","MLC",NA,NA
"439","MLI",NA,NA
"440","MLR",NA,NA
"441","MP","maritime patrol",1
"442","MP/ASW",NA,NA
"443","MP/SURV",NA,NA
"444","MP/SURVEY",NA,NA
"445","MPA","maritime patrol aircraft",1
"446","MPDR",NA,NA
"447","MR","maritime reconnaissance or motor rifle",1
"448","MR/ASW",NA,NA
"449","MR/ATK",NA,NA
"450","MR/COIN",NA,NA
"451","MR/ECM",NA,NA
"452","MR/EW",NA,NA
"453","MR/MP",NA,NA
"454","MR/SAR",NA,NA
"455","MR/TPT",NA,NA
"456","MRAP","mine-resistant ambush-protected",1
"457","MRBM","medium-range ballistic-missile",1
"458","MRH","multi-role helicopter",1
"459","MRH/ISR",NA,NA
"460","MRH/TPT",NA,NA
"461","MRL/MOR",NA,NA
"462","MRV","multiple re-entry vehicle",1
"463","MS","mine sweeper",1
"464","MSA","mine sweeper auxiliary",1
"465","MSC","mine sweeper coastal or military sealift command",1
"466","MSD","mine sweeper drone",1
"467","MSI","mine sweeper inshore",1
"468","MSL",NA,NA
"469","MSO","mine sweeper ocean",1
"470","MSR","mine sweeper riverine",1
"471","MTB","Motor torpedo boat",1
"472","MW","mine warfare",1
"473","NAV SPASUR",NA,NA
"474","naval ship asset",NA,NA
"475","navigation/positioning/timing",NA,NA
"476","NDS",NA,NA
"477","North Atlantic Defence System",NA,NA
"478","north warning system",NA,NA
"479","NSTR",NA,NA
"480","Nuclear Detonation Detection",NA,NA
"481","OBS",NA,NA
"482","OCU","Operational Conversion Unit",1
"483","OPDS",NA,NA
"484","OPV","off-shore patrol vessel",1
"485","OSUS",NA,NA
"486","OTH-B","over-the-horizon backscatter (radar)",1
"487","other",NA,NA
"488","PARCS",NA,NA
"489","Patrol",NA,NA
"490","Patrol Boat",NA,NA
"491","Patrol Craft",NA,NA
"492","Patrol Vessel",NA,NA
"493","PAVE PAWS",NA,NA
"494","PAX",NA,NA
"495","PB","patrol boat",1
"496","PB/PBF",NA,NA
"497","PB/PBR",NA,NA
"498","PBC","patrol boat coastal",1
"499","PBF","patrol boat fast",1
"500","PBFG",NA,NA
"501","PBFM",NA,NA
"502","PBFT",NA,NA
"503","PBG","patrol boat with AShM",1
"504","PBI","patrol boat inshore",1
"505","PBO","patrol boat offshore",1
"506","PBR","patrol boat riverine",1
"507","PBT","patrol boat with torpedo",1
"508","PC","patrol craft",1
"509","PCC","patrol craft coastal",1
"510","PCF","patrol craft fast",1
"511","PCF/PCI",NA,NA
"512","PCFG",NA,NA
"513","PCFGM",NA,NA
"514","PCFT",NA,NA
"515","PCG","patrol craft guided missile",1
"516","PCGF",NA,NA
"517","PCGM",NA,NA
"518","PCGT",NA,NA
"519","PCH","patrol craft with hangar",1
"520","PCI","patrol craft inshore",1
"521","PCM","patrol craft missile",1
"522","PCMT",NA,NA
"523","PCO","patrol craft offshore",1
"524","PCOH",NA,NA
"525","PCR","patrol craft riverine",1
"526","PCT","patrol craft torpedo",1
"527","PFB","fast patrol boat",1
"528","PFC","fast patrol craft coastal",1
"529","PFG",NA,NA
"530","PFI","fast patrol craft inshore",1
"531","PFI/PCI",NA,NA
"532","PFM","fast patrol craft, SSM",1
"533","PFO","fast patrol craft ocean",1
"534","PFT","fast patrol craft, torpedo",1
"535","PG","patrol gunboat",1
"536","PGH","patrol gunboat hydrofoil",1
"537","PGM","precision-guided munitions",1
"538","PH","patrol hydrofoil with AShM",1
"539","Phased Array Radar",NA,NA
"540","PHG","patrol hydrofoil with AShM",1
"541","PHI",NA,NA
"542","PHM","patrol hydrofoil with SSM, AShM torpedo, or SAM",1
"543","PHT","patrol hydrofoil with torpedo",1
"544","pollution control",NA,NA
"545","PSO","offshore patrol vessel over 60 metres",1
"546","PSOH","offshore patrol vessel over 60 metres with helicopter capability",1
"547","PT",NA,NA
"548","PTF","semi-submersible vessel",1
"549","PTG","guided missile patrol craft",1
"550","radar",NA,NA
"551","radar pickets",NA,NA
"552","RANGE INST",NA,NA
"553","RECCE",NA,NA
"554","RECCE/AIFV/APC",NA,NA
"555","RECCE/ATK",NA,NA
"556","RECCE/ECM",NA,NA
"557","RECCE/TPT",NA,NA
"558","RECON",NA,NA
"559","recon-surveil",NA,NA
"560","repair",NA,NA
"561","repair/salvage",NA,NA
"562","research",NA,NA
"563","river",NA,NA
"564","River",NA,NA
"565","river patrol",NA,NA
"566","RoRo",NA,NA
"567","RRC","rapid raiding craft",1
"568","RY","royal yacht",1
"569","SAGE",NA,NA
"570","salvage",NA,NA
"571","SAM","surface-to-air missile",1
"572","SAM RADARS",NA,NA
"573","SAM-associated short-range",NA,NA
"574","SAR","search and rescue",1
"575","SAR/COMMS",NA,NA
"576","SAR/LIAISON",NA,NA
"577","SAR/RECCE",NA,NA
"578","SAR/TPT",NA,NA
"579","SAR/TPT/TRG",NA,NA
"580","SAR/TRG",NA,NA
"581","SAR/TRG/LIAISON",NA,NA
"582","satellites",NA,NA
"583","SCOUT",NA,NA
"584","SDV","swimmer delivery vehicles",1
"585","SEAD","suppression of enemy air defence",1
"586","search, surveillance, target acquisition",NA,NA
"587","SES","surface-effect ship",1
"588","SES PCI (trials)",NA,NA
"589","SIGINT","signals intelligence",1
"590","SLBM","submarine-launched ballistic-missile",1
"591","SLCM","submarine-launched cruise missile",1
"592","Small Patrol",NA,NA
"593","Small Patrol, River, and Landing Craft",NA,NA
"594","SOSUS",NA,NA
"595","SP","self-propelled",1
"596","SP/MOR",NA,NA
"597","SP/STATIC",NA,NA
"598","SP/TOWED",NA,NA
"599","SPAAGM","Self-propelled anti-aircraft gun and missile system",1
"600","spacetrack system",NA,NA
"601","SPADATS",NA,NA
"602","SPEC OPS","special operations",1
"603","special purposes",NA,NA
"604","SPT",NA,NA
"605","SPT/OBS/LIAISON",NA,NA
"606","SPT/SAR",NA,NA
"607","SPT/SPEC",NA,NA
"608","SPT/TKR",NA,NA
"609","SPT/TPT",NA,NA
"610","SPT/TRG",NA,NA
"611","SPT/YDT",NA,NA
"612","SRBM","short-range ballistic-missile",1
"613","SS","diesel submarine",1
"614","SSA","submersible auxiliary support vessel",1
"615","SSAN","submersible auxiliary support vessel (nuclear)",1
"616","SSB","ballistic-missile submarine",1
"617","SSBN","Ballistic missile submarine, nuclear",1
"618","SSC","coastal submarine",1
"619","SSG","guided missile submarine",1
"620","SSGN","nuclear-powered guided missile submarine",1
"621","SSI","inshore submarine",1
"622","SSK","attack submarine with ASW capability (hunter-killer)",1
"623","SSM","surface-to-surface missile",1
"624","SSM/SAM",NA,NA
"625","SSN","nuclear-fuelled submarine",1
"626","SSQ",NA,NA
"627","SSQN",NA,NA
"628","SSW","midget submarine",1
"629","STATIC",NA,NA
"630","STATIC/SHELTER",NA,NA
"631","STIKE/FGA",NA,NA
"632","STK/RECCE",NA,NA
"633","STRIKE",NA,NA
"634","STRIKE/FGA",NA,NA
"635","submarine chasers",NA,NA
"636","supply",NA,NA
"637","Supply",NA,NA
"638","SURV","surveillance",1
"639","SURV/SIGINT",NA,NA
"640","Survey",NA,NA
"641","survey/TRG",NA,NA
"642","SYSTEMS",NA,NA
"643","T-ACS",NA,NA
"644","T-AFS","combat stores ship",1
"645","T-AG",NA,NA
"646","T-AGF",NA,NA
"647","T-AGM",NA,NA
"648","T-AGOS",NA,NA
"649","T-AGS",NA,NA
"650","T-AH","hospital ship",1
"651","T-AK",NA,NA
"652","T-AKEH",NA,NA
"653","T-AKR",NA,NA
"654","T-AO",NA,NA
"655","T-AOE/RAS",NA,NA
"656","T-AOT","transport oiler",1
"657","T-AP",NA,NA
"658","T-ARC",NA,NA
"659","T-AVB","maintenance aviation",1
"660","TAC",NA,NA
"661","TAC/FTR",NA,NA
"662","TAC/TPT",NA,NA
"663","TAC/TRG",NA,NA
"664","tanker",NA,NA
"665","tankers",NA,NA
"666","TAO-T",NA,NA
"667","TEST",NA,NA
"668","TK",NA,NA
"669","TKR",NA,NA
"670","TKR/CGO",NA,NA
"671","TKR/TPT",NA,NA
"672","torpedo",NA,NA
"673","Torpedo Boat",NA,NA
"674","TOW","tube launched optically wire guided",1
"675","TOWED",NA,NA
"676","TPS",NA,NA
"677","TPS-43G",NA,NA
"678","TPT",NA,NA
"679","TPT/ECM",NA,NA
"680","TPT/LIAISON",NA,NA
"681","TPT/MR",NA,NA
"682","TPT/OCU",NA,NA
"683","TPT/SAR",NA,NA
"684","TPT/TKR",NA,NA
"685","TPT/TKR/RECCE",NA,NA
"686","TPT/TRG",NA,NA
"687","TPT/TRG/SAR",NA,NA
"688","TPT/UTL",NA,NA
"689","TPT/VIP",NA,NA
"690","TRG","training",1
"691","TRG/ATK",NA,NA
"692","TRG/COIN",NA,NA
"693","TRG/FTR",NA,NA
"694","TRG/LIAISON",NA,NA
"695","TRG/Liason",NA,NA
"696","TRG/MISC",NA,NA
"697","TRG/OCU",NA,NA
"698","TRG/SPT",NA,NA
"699","TRG/TPT",NA,NA
"700","TRG/TRG",NA,NA
"701","trial",NA,NA
"702","TRIALS",NA,NA
"703","trials/research",NA,NA
"704","TRP",NA,NA
"705","TRV","torpedo recovery vehicle",1
"706","TT","torpedo tube",1
"707","TUAV",NA,NA
"708","tug",NA,NA
"709","TUGS",NA,NA
"710","TV-guided",NA,NA
"711","UAUC",NA,NA
"712","UCAC","utility craft air cushioned",1
"713","UTL",NA,NA
"714","UTL/LIAISON",NA,NA
"715","UTL/SAR",NA,NA
"716","UTL/SPT",NA,NA
"717","UTL/TPT",NA,NA
"718","UTL/TRG",NA,NA
"719","UTL/TRIALS",NA,NA
"720","UUV","unmanned undersea vehicle",1
"721","VDT","diving tender",1
"722","VIP","very important person (tpt)",1
"723","VLB","vehicle launched bridge",1
"724","VLCC",NA,NA
"725","VTB","harbour tug",1
"726","WEATHER",NA,NA
"727","WLI",NA,NA
"728","WLIC","inland construction tenders",1
"729","WLM",NA,NA
"730","WLR",NA,NA
"731","WTGB","Icebreaker tugs",1
"732","YAC","royal yacht",1
"733","YAG","yard craft, miscellaneous",1
"734","YD",NA,NA
"735","YDG","degaussing",1
"736","YDT","diving tender",1
"737","YFB","ferry boat",1
"738","YFD",NA,NA
"739","YFL","launch",1
"740","YFRT","range support tenders",1
"741","YFT",NA,NA
"742","YFU",NA,NA
"743","YG",NA,NA
"744","YGS",NA,NA
"745","YM",NA,NA
"746","YNT",NA,NA
"747","YO",NA,NA
"748","YP","yard patrol craft",1
"749","YPB",NA,NA
"750","YPC","oil spill response vessel",1
"751","YPL",NA,NA
"752","YPT","torpedo recovery vessel",1
"753","YT",NA,NA
"754","YTB","harbour tug",1
"755","YTL","light harbour tug",1
"756","YTL/YTM",NA,NA
"757","YTM","medium harbour tug",1
"758","YTR","firefighting vessel",1
"759","YTT","torpedo trials craft",1
"760","YW",NA,NA
"761","YY","general yard craft",1
